{"condition_mean": [335.5568542480469, 325.2924499511719, 335.5649108886719, 325.3021240234375], "condition_std": [146.52220153808594, 140.06878662109375, 146.54705810546875, 140.09024047851562], "action_mean": [335.5860595703125, 325.32501220703125], "action_std": [146.67886352539062, 140.20216369628906]}