{"condition_mean": [335.55682373046875, 325.2924499511719, 335.56494140625, 325.3020935058594], "condition_std": [146.52220153808594, 140.06878662109375, 146.54705810546875, 140.09024047851562], "action_mean": [335.5861511230469, 325.3250427246094], "action_std": [146.67886352539062, 140.20216369628906]}