{"condition_mean": [324.14984130859375, 325.9906921386719, 324.1075744628906, 325.9969787597656], "condition_std": [142.05780029296875, 136.17100524902344, 142.1254119873047, 136.21194458007812], "action_mean": [323.78839111328125, 326.0487976074219], "action_std": [142.5499267578125, 136.48611450195312]}