{"condition_mean": [166.05177307128906, 215.82847595214844, 166.07119750976562, 215.54368591308594], "condition_std": [59.7141227722168, 104.03173828125, 59.73068618774414, 103.9542007446289], "action_mean": [166.22613525390625, 213.71743774414062], "action_std": [60.089576721191406, 103.42967987060547]}