{"condition_mean": [229.1110382080078, 293.3112487792969], "condition_std": [101.85470581054688, 96.48948669433594], "action_mean": [228.23965454101562, 293.98907470703125], "action_std": [101.60155487060547, 96.0411605834961]}